[
  {
    "id": "b0f97e77-ede2-440e-bbff-ac9d187592e4",
    "data": [
      {
        "text": "add ",
        "userDefined": false
      },
      {
        "text": "lamp",
        "alias": "improv",
        "meta": "@sys.any",
        "userDefined": true
      },
      {
        "text": " to my list",
        "userDefined": false
      }
    ],
    "isTemplate": false,
    "count": 0,
    "updated": 1521125102
  },
  {
    "id": "078eb906-2c8b-4b14-9de2-c3a514041b8f",
    "data": [
      {
        "text": "add ",
        "userDefined": false
      },
      {
        "text": "lamp",
        "alias": "improv",
        "meta": "@sys.any",
        "userDefined": true
      }
    ],
    "isTemplate": false,
    "count": 0,
    "updated": 1521125102
  },
  {
    "id": "ae72b0fd-304a-43f9-b1ac-f54a70b864fe",
    "data": [
      {
        "text": "Add ",
        "userDefined": false
      },
      {
        "text": "lamp",
        "alias": "improv",
        "meta": "@sys.any",
        "userDefined": true
      },
      {
        "text": " to my vocabulary list",
        "userDefined": false
      }
    ],
    "isTemplate": false,
    "count": 0,
    "updated": 1521125102
  },
  {
    "id": "82797971-fac8-4e0a-9390-37142f0f187d",
    "data": [
      {
        "text": "Please add ",
        "userDefined": false
      },
      {
        "text": "lamp",
        "alias": "improv",
        "meta": "@sys.any",
        "userDefined": true
      },
      {
        "text": " to my vocabulary list",
        "userDefined": false
      }
    ],
    "isTemplate": false,
    "count": 0,
    "updated": 1521125102
  }
]