[
  {
    "id": "c90507ff-d07b-4a9d-9ce6-73885b8857ad",
    "data": [
      {
        "text": "lamp",
        "alias": "useranswer",
        "meta": "@sys.any",
        "userDefined": true
      }
    ],
    "isTemplate": false,
    "count": 0,
    "updated": 1521125165
  },
  {
    "id": "a7de47fc-2760-4254-b310-bb6db2359033",
    "data": [
      {
        "text": "is it ",
        "userDefined": false
      },
      {
        "text": "lamp",
        "alias": "useranswer",
        "meta": "@sys.any",
        "userDefined": true
      }
    ],
    "isTemplate": false,
    "count": 0,
    "updated": 1521124285
  },
  {
    "id": "b0f16827-d4b2-40b7-8e76-a5bc4c77d309",
    "data": [
      {
        "text": "The answer is ",
        "userDefined": false
      },
      {
        "text": "lamp",
        "alias": "useranswer",
        "meta": "@sys.any",
        "userDefined": true
      }
    ],
    "isTemplate": false,
    "count": 0,
    "updated": 1521124285
  }
]