[
  {
    "id": "f9e20391-9daf-4207-ade6-420dbc0ed440",
    "data": [
      {
        "text": "hi there",
        "userDefined": false
      }
    ],
    "isTemplate": false,
    "count": 0,
    "updated": 1521041738
  },
  {
    "id": "378c65b6-ae5b-4a63-918f-aaf72657d971",
    "data": [
      {
        "text": "Open lingo",
        "userDefined": false
      }
    ],
    "isTemplate": false,
    "count": 0,
    "updated": 1521041738
  },
  {
    "id": "9dfd09f1-d9a2-4c40-b895-7d673a7d820c",
    "data": [
      {
        "text": "lingo",
        "userDefined": false
      }
    ],
    "isTemplate": false,
    "count": 0,
    "updated": 1521041738
  },
  {
    "id": "932a7e9d-3c90-40f6-83ff-e0d14e5b5d19",
    "data": [
      {
        "text": "lingobot",
        "userDefined": false
      }
    ],
    "isTemplate": false,
    "count": 0,
    "updated": 1521041738
  },
  {
    "id": "52b3408c-42f7-4e9a-b48b-be8026364b59",
    "data": [
      {
        "text": "Ok Google, open LingoBot",
        "userDefined": false
      }
    ],
    "isTemplate": false,
    "count": 0,
    "updated": 1521041738
  },
  {
    "id": "53a82e88-e0ca-48d6-b6c9-40ed991e6d8f",
    "data": [
      {
        "text": "Ok google, I want to open Lingo",
        "userDefined": false
      }
    ],
    "isTemplate": false,
    "count": 0,
    "updated": 1521041738
  },
  {
    "id": "15537f35-48b4-4a5b-a27c-c2a1a6efe3d4",
    "data": [
      {
        "text": "begin",
        "userDefined": false
      }
    ],
    "isTemplate": false,
    "count": 0,
    "updated": 1521041738
  }
]