[
  {
    "id": "beca7921-f303-4b2e-900d-c89b589cbfd1",
    "data": [
      {
        "text": "i choose ",
        "userDefined": false
      },
      {
        "text": "spanish",
        "alias": "language",
        "meta": "@sys.language",
        "userDefined": true
      }
    ],
    "isTemplate": false,
    "count": 0,
    "updated": 1521056507
  },
  {
    "id": "53578d77-7afd-47b2-bcd2-b6472985a177",
    "data": [
      {
        "text": "spanish",
        "alias": "language",
        "meta": "@sys.language",
        "userDefined": false
      }
    ],
    "isTemplate": false,
    "count": 0,
    "updated": 1521056507
  }
]