[
  {
    "id": "0044e093-34ef-4e75-bba5-56391a58f467",
    "data": [
      {
        "text": "please translate ",
        "userDefined": false
      },
      {
        "text": "lamp",
        "alias": "word",
        "meta": "@sys.any",
        "userDefined": true
      }
    ],
    "isTemplate": false,
    "count": 0,
    "updated": 1521058616
  },
  {
    "id": "31a26223-a7eb-4873-a721-de8d75ab574e",
    "data": [
      {
        "text": "lamp",
        "alias": "word",
        "meta": "@sys.any",
        "userDefined": true
      }
    ],
    "isTemplate": false,
    "count": 0,
    "updated": 1521058616
  },
  {
    "id": "152bd5bc-2283-485a-9a2b-518bd0e90b11",
    "data": [
      {
        "text": "translate ",
        "userDefined": false
      },
      {
        "text": "lamp",
        "alias": "word",
        "meta": "@sys.any",
        "userDefined": true
      }
    ],
    "isTemplate": false,
    "count": 0,
    "updated": 1521124828
  },
  {
    "id": "9ce3a349-ce6e-42fd-980d-a660461f9326",
    "data": [
      {
        "text": "i would like to translate ",
        "userDefined": false
      },
      {
        "text": "lamp",
        "alias": "word",
        "meta": "@sys.any",
        "userDefined": true
      }
    ],
    "isTemplate": false,
    "count": 0,
    "updated": 1521058616
  }
]