[
  {
    "id": "177f2f86-dbbf-42f8-896c-b303db981cbc",
    "data": [
      {
        "text": "i want to practice",
        "userDefined": false
      }
    ],
    "isTemplate": false,
    "count": 0,
    "updated": 1521056884
  },
  {
    "id": "2cdc5fe4-6d02-4e5b-b127-179ad404e5b8",
    "data": [
      {
        "text": "pratice",
        "userDefined": false
      }
    ],
    "isTemplate": false,
    "count": 0,
    "updated": 1521056884
  },
  {
    "id": "f8bc8f5c-9203-4777-a1a0-55a0a83673e0",
    "data": [
      {
        "text": "give me a lesson",
        "userDefined": false
      }
    ],
    "isTemplate": false,
    "count": 0,
    "updated": 1521056884
  },
  {
    "id": "1dbcdcf2-2be4-40f3-83da-7c3be4ea2829",
    "data": [
      {
        "text": "ask me something",
        "userDefined": false
      }
    ],
    "isTemplate": false,
    "count": 0,
    "updated": 1521056884
  }
]